sihtkoht,hind,keskus,kirjeldus
Indonesia,1000,4,A tangy sauce that combines lemon zest and basil for a refreshing flavor.
Brazil,1000,1,Challenging and fun puzzle game for all ages.
China,1000,4,Functional leggings designed for maximum comfort during workouts.
Russia,1000,2,"Rich tart filled with chocolate and raspberry, a gourmet dessert."
Russia,1000,1,Frozen mini meatballs that are great as a snack or in pasta dishes.
Ukraine,1000,1,"Bright, vibrant sign to add flair to any space."
China,1000,5,Rich vegetable stock for cooking soups and stews.
Portugal,1000,5,Compact vacuum designed specifically for cleaning vehicles.
Japan,1000,3,Handheld frother for creating frothed milk for coffee.
China,1000,5,Spicy cornbread infused with jalape√±os for a kick of flavor at your next meal.
Philippines,1000,3,Tool for measuring perfect pasta portions every time.
Armenia,1000,4,Comprehensive first aid kit for emergency situations.
